-- phpMyAdmin SQL Dump
-- version 5.2.1
-- https://www.phpmyadmin.net/
--
-- ホスト: 127.0.0.1
-- 生成日時: 2025-09-04 16:35:20
-- サーバのバージョン： 10.4.32-MariaDB
-- PHP のバージョン: 8.0.30

SET SQL_MODE = "NO_AUTO_VALUE_ON_ZERO";
START TRANSACTION;
SET time_zone = "+00:00";


/*!40101 SET @OLD_CHARACTER_SET_CLIENT=@@CHARACTER_SET_CLIENT */;
/*!40101 SET @OLD_CHARACTER_SET_RESULTS=@@CHARACTER_SET_RESULTS */;
/*!40101 SET @OLD_COLLATION_CONNECTION=@@COLLATION_CONNECTION */;
/*!40101 SET NAMES utf8mb4 */;

--
-- データベース: `skadaip2`
--
CREATE DATABASE IF NOT EXISTS `skadaip2` DEFAULT CHARACTER SET utf8mb4 COLLATE utf8mb4_general_ci;
USE `skadaip2`;

-- --------------------------------------------------------

--
-- テーブルの構造 `administrator`
--

DROP TABLE IF EXISTS `administrator`;
CREATE TABLE `administrator` (
  `administrator_id` int(11) NOT NULL,
  `password` int(11) NOT NULL
) ENGINE=InnoDB DEFAULT CHARSET=utf8mb4 COLLATE=utf8mb4_general_ci;

--
-- 挿入前にテーブルを空にする `administrator`
--

TRUNCATE TABLE `administrator`;
--
-- テーブルのデータのダンプ `administrator`
--

INSERT INTO `administrator` (`administrator_id`, `password`) VALUES
(1, 1);

-- --------------------------------------------------------

--
-- テーブルの構造 `campaign_target`
--

DROP TABLE IF EXISTS `campaign_target`;
CREATE TABLE `campaign_target` (
  `id` int(11) NOT NULL,
  `point_campaign_id` int(11) NOT NULL,
  `target_type` int(2) NOT NULL COMMENT '1=maker, 2=productなど',
  `target_id` int(11) NOT NULL COMMENT 'target_typeがmakerならmaker_id、productならproduct_id',
  `del_kbn` tinyint(1) NOT NULL DEFAULT 0
) ENGINE=InnoDB DEFAULT CHARSET=utf8mb4 COLLATE=utf8mb4_general_ci;

--
-- 挿入前にテーブルを空にする `campaign_target`
--

TRUNCATE TABLE `campaign_target`;
--
-- テーブルのデータのダンプ `campaign_target`
--

INSERT INTO `campaign_target` (`id`, `point_campaign_id`, `target_type`, `target_id`, `del_kbn`) VALUES
(1, 2, 2, 1, 1),
(2, 2, 2, 5, 1),
(3, 2, 2, 8, 0),
(4, 4, 2, 1, 0),
(5, 5, 2, 6, 1),
(6, 5, 2, 4, 1),
(7, 5, 2, 2, 1),
(8, 5, 2, 10, 1),
(9, 5, 2, 8, 1),
(10, 5, 2, 1, 1),
(11, 5, 2, 7, 1),
(12, 5, 2, 1, 1),
(13, 5, 2, 7, 1),
(14, 5, 2, 9, 1),
(19, 5, 2, 1, 1),
(20, 5, 2, 8, 1),
(21, 5, 2, 2, 1),
(22, 5, 2, 2, 0),
(23, 5, 2, 4, 1);

-- --------------------------------------------------------

--
-- テーブルの構造 `customer`
--

DROP TABLE IF EXISTS `customer`;
CREATE TABLE `customer` (
  `id` int(11) NOT NULL,
  `name` varchar(100) NOT NULL,
  `login` varchar(100) NOT NULL,
  `password` varchar(100) NOT NULL,
  `point` int(11) NOT NULL,
  `created_at` timestamp NOT NULL DEFAULT current_timestamp(),
  `updated_at` timestamp NOT NULL DEFAULT current_timestamp() ON UPDATE current_timestamp()
) ENGINE=InnoDB DEFAULT CHARSET=utf8 COLLATE=utf8_general_ci;

--
-- 挿入前にテーブルを空にする `customer`
--

TRUNCATE TABLE `customer`;
--
-- テーブルのデータのダンプ `customer`
--

INSERT INTO `customer` (`id`, `name`, `login`, `password`, `point`, `created_at`, `updated_at`) VALUES
(1, '熊木 和夫', 'kumaki', 'BearTree1', 198, '2025-08-30 20:44:07', '2025-09-04 02:27:31'),
(2, '鳥居 健二', 'torii', 'BirdStay2', 0, '2025-08-30 20:44:07', '2025-08-30 20:44:07'),
(3, '鷺沼 美子', 'saginuma', 'EgretPond3', 0, '2025-08-30 20:44:07', '2025-08-30 20:44:07'),
(4, '鷲尾 史郎', 'washio', 'EagleTail4', 0, '2025-08-30 20:44:07', '2025-08-30 20:44:07'),
(5, '牛島 大悟', 'ushijima', 'CowIsland5', 0, '2025-08-30 20:44:07', '2025-08-30 20:44:07'),
(6, '相馬 助六', 'souma', 'PhaseHorse6', 0, '2025-08-30 20:44:07', '2025-08-30 20:44:07'),
(7, '猿飛 菜々子', 'sarutobi', 'MonkeyFly7', 0, '2025-08-30 20:44:07', '2025-08-30 20:44:07'),
(8, '犬山 陣八', 'inuyama', 'DogMountain8', 0, '2025-08-30 20:44:07', '2025-08-30 20:44:07'),
(9, '猪口 一休', 'inokuchi', 'BoarMouse9', 0, '2025-08-30 20:44:07', '2025-08-30 20:44:07'),
(11, 'test', '123', '123', 407, '2025-08-30 20:44:07', '2025-09-04 02:43:01'),
(12, 'a', '12', '123', 0, '2025-08-30 20:44:07', '2025-08-30 20:44:07'),
(13, 'パソコンスクールHANA', 'PCHANA', 'hana1234', 0, '2025-08-30 20:44:07', '2025-08-30 20:44:07'),
(14, '井上太郎', 'PCHANAHANA', 'hana12345', 0, '2025-08-30 20:44:07', '2025-08-30 20:47:08'),
(15, '上田一郎', 'Tokyo', 'tokyo1234', 1229, '2025-08-30 20:52:57', '2025-09-03 16:46:26');

-- --------------------------------------------------------

--
-- テーブルの構造 `favorite`
--

DROP TABLE IF EXISTS `favorite`;
CREATE TABLE `favorite` (
  `customer_id` int(11) NOT NULL,
  `product_id` int(11) NOT NULL,
  `favorite_date` datetime NOT NULL
) ENGINE=InnoDB DEFAULT CHARSET=utf8 COLLATE=utf8_general_ci;

--
-- 挿入前にテーブルを空にする `favorite`
--

TRUNCATE TABLE `favorite`;
--
-- テーブルのデータのダンプ `favorite`
--

INSERT INTO `favorite` (`customer_id`, `product_id`, `favorite_date`) VALUES
(15, 1, '2025-09-03 18:58:06'),
(15, 4, '2025-09-03 18:58:09');

-- --------------------------------------------------------

--
-- テーブルの構造 `kubun`
--

DROP TABLE IF EXISTS `kubun`;
CREATE TABLE `kubun` (
  `kbn_id` int(11) NOT NULL,
  `kbn_name` varchar(100) NOT NULL
) ENGINE=InnoDB DEFAULT CHARSET=utf8mb4 COLLATE=utf8mb4_general_ci;

--
-- 挿入前にテーブルを空にする `kubun`
--

TRUNCATE TABLE `kubun`;
--
-- テーブルのデータのダンプ `kubun`
--

INSERT INTO `kubun` (`kbn_id`, `kbn_name`) VALUES
(1, 'メーカー'),
(2, '色'),
(3, '接続方式'),
(4, 'センサータイプ'),
(5, 'センサー名'),
(6, 'インターフェース'),
(7, 'シェイプ'),
(8, 'スイッチ'),
(9, 'スイッチ製造メーカー'),
(10, '国'),
(11, '地域'),
(12, '都道府県名'),
(13, '公式サイトURL'),
(14, 'DPI'),
(15, 'ポーリングレート'),
(16, 'バッテリー容量'),
(17, 'バッテリー持続時間'),
(18, '材質'),
(19, '表面仕上げ'),
(20, 'LOD設定'),
(21, 'スイッチメーカー'),
(22, 'MCUチップ'),
(23, '充電端子'),
(24, 'ソフトウェア'),
(25, 'サイズカテゴリー');

-- --------------------------------------------------------

--
-- テーブルの構造 `master`
--

DROP TABLE IF EXISTS `master`;
CREATE TABLE `master` (
  `master_id` int(11) NOT NULL,
  `kbn` int(3) NOT NULL COMMENT '1.maker,2.color,3.connection method,4.sensor,5.interface,6.shape,7.switch,',
  `name` varchar(100) NOT NULL
) ENGINE=InnoDB DEFAULT CHARSET=utf8mb4 COLLATE=utf8mb4_general_ci;

--
-- 挿入前にテーブルを空にする `master`
--

TRUNCATE TABLE `master`;
--
-- テーブルのデータのダンプ `master`
--

INSERT INTO `master` (`master_id`, `kbn`, `name`) VALUES
(1, 1, 'GravaStar'),
(1, 2, 'Black'),
(1, 3, '無線2.4GHz'),
(1, 4, '光学式'),
(1, 5, 'PixArt PAW 3950'),
(1, 6, 'USB Type-C'),
(1, 7, '対称形状'),
(1, 8, '機械式'),
(1, 11, '北海道'),
(1, 12, '北海道'),
(1, 14, '32000'),
(1, 15, '8000'),
(1, 16, '400mAh'),
(1, 17, '18h'),
(1, 18, 'マグネシウム合金'),
(1, 19, 'マット'),
(1, 20, '0.7mm/1mm/2mm調整可能'),
(1, 21, 'Omron D2FC-7N'),
(1, 22, 'Nordic nRF52833'),
(1, 23, 'USB Type-C'),
(1, 24, 'Webドライバー'),
(1, 25, 'S'),
(2, 1, 'Logicool'),
(2, 2, 'Silver'),
(2, 3, '8KHzドングル'),
(2, 4, 'レーザー式'),
(2, 5, 'PixArt PMW 3360'),
(2, 6, 'USB Type-A'),
(2, 7, 'ラージサイズ'),
(2, 8, ''),
(2, 11, '東北'),
(2, 12, '青森県'),
(2, 14, '25600'),
(2, 15, '4000'),
(2, 16, '320mAh'),
(2, 17, '24h'),
(2, 18, 'プラスチック'),
(2, 19, 'グロス'),
(2, 20, '固定1mm'),
(2, 21, 'Omron D2FC-F-K'),
(2, 22, 'STM32'),
(2, 23, 'Micro USB'),
(2, 24, 'プラグアンドプレイ'),
(2, 25, 'M'),
(3, 1, 'Razer'),
(3, 2, 'White'),
(3, 3, '有線USB'),
(3, 5, 'PixArt PAW 3395'),
(3, 6, 'Micro USB'),
(3, 7, 'ミディアムサイズ'),
(3, 8, 'ハイブリッド'),
(3, 11, '関東・中部'),
(3, 12, '岩手県'),
(3, 14, '20000'),
(3, 15, '2000'),
(3, 16, '500mAh'),
(3, 17, '48h'),
(3, 18, 'アルミニウム'),
(3, 19, 'テクスチャー'),
(3, 20, '固定2mm'),
(3, 21, 'Kailh GM 8.0'),
(3, 22, 'Cypress'),
(3, 23, '専用充電ドック'),
(3, 24, '専用ソフトウェア'),
(3, 25, 'L'),
(4, 1, 'SteelSeries'),
(4, 2, 'Red'),
(4, 3, 'Bluetooth'),
(4, 5, 'Razer Focus Pro 30K'),
(4, 7, 'スモールサイズ'),
(4, 11, '近畿'),
(4, 12, '宮城県'),
(4, 14, '16000'),
(4, 15, '1000'),
(4, 16, '600mAh'),
(4, 17, '72h'),
(4, 18, 'カーボンファイバー'),
(4, 19, 'ラバーコーティング'),
(4, 21, 'TTC Golden'),
(4, 22, 'Nordic nRF52840'),
(4, 24, '統合型ソフトウェア'),
(4, 25, '3XS'),
(5, 1, 'ROCCAT'),
(5, 2, 'Blue'),
(5, 3, 'USB-C有線'),
(5, 5, 'PixArt PAW 3395'),
(5, 7, '右手用エルゴノミック'),
(5, 11, '中国・四国'),
(5, 12, '秋田県'),
(5, 14, '12000'),
(5, 15, '500'),
(5, 16, '250mAh'),
(5, 17, '80h'),
(5, 18, 'ABS樹脂'),
(5, 21, 'Huano'),
(6, 1, 'Corsair'),
(6, 2, 'Green'),
(6, 3, 'ワイヤレス4K'),
(6, 5, 'Pulsar XS-1'),
(6, 7, '左手用エルゴノミック'),
(6, 11, '九州'),
(6, 12, '山形県'),
(6, 14, '8000'),
(6, 15, '125'),
(6, 16, '300mAh'),
(6, 17, '90h'),
(6, 18, 'PC樹脂'),
(6, 21, 'Omron Optical'),
(7, 1, 'VAXEE'),
(7, 2, 'Deep Blue'),
(7, 3, 'ワイヤレス8K'),
(7, 5, 'PixArt PMW 3370'),
(7, 11, '沖縄'),
(7, 12, '福島県'),
(7, 14, '36000'),
(7, 15, '250'),
(7, 16, '200mAh'),
(7, 21, 'Pulsar Optical'),
(8, 1, 'AIM1'),
(8, 2, 'Pink'),
(8, 5, 'HERO 25K'),
(8, 12, '茨城県'),
(8, 14, '30000'),
(8, 21, 'Kailh GM 8.0'),
(9, 1, 'Pulsar'),
(9, 2, 'Neon Green'),
(9, 5, 'PixArt PAW 3360'),
(9, 12, '栃木県'),
(9, 14, '26000'),
(9, 21, 'TTC Golden'),
(10, 1, 'Pwnage'),
(10, 2, 'Grey'),
(10, 12, '群馬県'),
(10, 14, '19000'),
(10, 21, 'Logitech Lightforce'),
(11, 1, 'ATK'),
(11, 2, 'Uyuni White'),
(11, 5, 'Pulsar XS-1 (PAW 3950カスタム)'),
(11, 12, '埼玉県'),
(11, 21, 'Omron D2LS-21'),
(12, 1, 'G-Wolves'),
(12, 2, 'Jet Black'),
(12, 5, 'Pwnage Xero (PAW 3950カスタム)'),
(12, 12, '千葉県'),
(13, 1, 'Scyrox'),
(13, 12, '東京都'),
(14, 1, 'HitScan'),
(14, 12, '神奈川県'),
(15, 1, 'Lamzu'),
(15, 12, '新潟県'),
(16, 12, '富山県'),
(17, 12, '石川県'),
(18, 12, '福井県'),
(19, 12, '山梨県'),
(20, 12, '長野県'),
(21, 12, '岐阜県'),
(22, 12, '静岡県'),
(23, 12, '愛知県'),
(24, 12, '三重県'),
(25, 12, '滋賀県'),
(26, 12, '京都府'),
(27, 12, '大阪府'),
(28, 12, '兵庫県'),
(29, 12, '奈良県'),
(30, 12, '和歌山県'),
(31, 12, '鳥取県'),
(32, 12, '島根県'),
(33, 12, '岡山県'),
(34, 12, '広島県'),
(35, 12, '山口県'),
(36, 12, '徳島県'),
(37, 12, '香川県'),
(38, 12, '愛媛県'),
(39, 12, '高知県'),
(40, 12, '福岡県'),
(41, 12, '佐賀県'),
(42, 12, '長崎県'),
(43, 12, '熊本県'),
(44, 12, '大分県'),
(45, 12, '宮崎県'),
(46, 12, '鹿児島県'),
(47, 12, '沖縄県');

-- --------------------------------------------------------

--
-- テーブルの構造 `point_campaign`
--

DROP TABLE IF EXISTS `point_campaign`;
CREATE TABLE `point_campaign` (
  `point_campaign_id` int(11) NOT NULL,
  `campaign_name` varchar(100) NOT NULL,
  `campaign_point_rate` decimal(3,2) NOT NULL,
  `start_date` datetime NOT NULL,
  `end_date` datetime DEFAULT NULL,
  `priority` int(11) NOT NULL,
  `del_kbn` tinyint(1) NOT NULL DEFAULT 0,
  `ins_date` date NOT NULL,
  `upd_date` date DEFAULT NULL
) ENGINE=InnoDB DEFAULT CHARSET=utf8mb4 COLLATE=utf8mb4_general_ci;

--
-- 挿入前にテーブルを空にする `point_campaign`
--

TRUNCATE TABLE `point_campaign`;
--
-- テーブルのデータのダンプ `point_campaign`
--

INSERT INTO `point_campaign` (`point_campaign_id`, `campaign_name`, `campaign_point_rate`, `start_date`, `end_date`, `priority`, `del_kbn`, `ins_date`, `upd_date`) VALUES
(1, '基本', 0.01, '2025-08-21 10:53:24', NULL, 0, 0, '2025-08-01', '2025-08-21'),
(2, '特別キャンペーン', 0.04, '2025-08-21 10:53:00', '2025-08-25 10:53:00', 2, 0, '2025-08-01', '2025-08-21'),
(4, 'TEST', 0.04, '2025-08-21 13:36:00', '2025-08-28 13:36:00', 1, 0, '2025-08-21', NULL),
(5, 'TEST', 0.04, '2025-09-01 11:33:00', '2025-09-17 11:33:00', 1, 0, '2025-09-04', '2025-09-04'),
(6, 'ISI', 1.00, '2025-09-17 16:32:00', '2025-09-24 16:32:00', 2, 1, '2025-09-04', NULL);

-- --------------------------------------------------------

--
-- テーブルの構造 `point_history`
--

DROP TABLE IF EXISTS `point_history`;
CREATE TABLE `point_history` (
  `id` int(11) NOT NULL,
  `customer_id` int(11) NOT NULL,
  `point_change` int(11) NOT NULL COMMENT '正数：獲得、負数：使用',
  `point_balance` int(11) NOT NULL COMMENT '変更後の残高',
  `transaction_type` varchar(20) NOT NULL COMMENT 'purchase, use, expire, adminなど',
  `related_purchase_id` int(11) DEFAULT NULL,
  `description` varchar(200) DEFAULT NULL,
  `created_at` timestamp NOT NULL DEFAULT current_timestamp()
) ENGINE=InnoDB DEFAULT CHARSET=utf8mb4 COLLATE=utf8mb4_general_ci;

--
-- 挿入前にテーブルを空にする `point_history`
--

TRUNCATE TABLE `point_history`;
--
-- テーブルのデータのダンプ `point_history`
--

INSERT INTO `point_history` (`id`, `customer_id`, `point_change`, `point_balance`, `transaction_type`, `related_purchase_id`, `description`, `created_at`) VALUES
(1, 15, 198, 624, 'purchase', 0, '購入による獲得 (注文番号: KEL000000)', '2025-08-31 16:41:35'),
(2, 15, 198, 1020, 'purchase', 19, '購入による獲得 (注文番号: KEL000019)', '2025-08-31 16:52:08'),
(0, 15, 209, 1229, 'purchase', 0, '購入による獲得 (注文番号: KEL000000)', '2025-09-03 16:46:26'),
(0, 1, 198, 198, 'purchase', 40, '購入による獲得 (注文番号: KEL000040)', '2025-09-04 02:27:31'),
(0, 11, 424, 424, 'purchase', 41, '購入による獲得 (注文番号: KEL000041)', '2025-09-04 02:33:20'),
(0, 11, 1188, 1612, 'purchase', 42, '購入による獲得 (注文番号: KEL000042)', '2025-09-04 02:37:03'),
(0, 11, -1612, 0, 'use', 43, '購入時ポイント使用 (注文番号: KEL000043)', '2025-09-04 02:42:10'),
(0, 11, 209, 209, 'purchase', 43, '購入による獲得 (注文番号: KEL000043)', '2025-09-04 02:42:10'),
(0, 11, 198, 407, 'purchase', 44, '購入による獲得 (注文番号: KEL000044)', '2025-09-04 02:43:01');

-- --------------------------------------------------------

--
-- テーブルの構造 `postage`
--

DROP TABLE IF EXISTS `postage`;
CREATE TABLE `postage` (
  `postage_id` int(11) NOT NULL,
  `region_id` int(11) NOT NULL,
  `postage_fee` int(11) NOT NULL COMMENT '北海道：1600 東北：1250 関東：1200',
  `start_date` datetime NOT NULL,
  `end_date` datetime DEFAULT NULL,
  `ins_date` datetime NOT NULL,
  `upd_date` datetime DEFAULT NULL
) ENGINE=InnoDB DEFAULT CHARSET=utf8mb4 COLLATE=utf8mb4_general_ci;

--
-- 挿入前にテーブルを空にする `postage`
--

TRUNCATE TABLE `postage`;
--
-- テーブルのデータのダンプ `postage`
--

INSERT INTO `postage` (`postage_id`, `region_id`, `postage_fee`, `start_date`, `end_date`, `ins_date`, `upd_date`) VALUES
(1, 1, 1600, '2025-08-01 00:00:00', NULL, '2025-08-01 10:52:35', '2025-08-21 15:35:23'),
(1, 2, 1500, '2025-08-01 00:00:00', NULL, '2025-08-01 10:52:35', '2025-08-20 15:16:32'),
(1, 3, 1200, '2025-08-01 00:00:00', NULL, '2025-08-01 10:52:35', '2025-08-20 11:36:55'),
(1, 4, 1000, '2025-08-01 00:00:00', NULL, '2025-08-01 10:52:35', '2025-08-20 11:36:55'),
(1, 5, 1400, '2025-08-01 00:00:00', NULL, '2025-08-01 10:52:35', '2025-08-20 11:36:55'),
(1, 6, 500, '2025-08-01 00:00:00', NULL, '2025-08-01 10:52:35', '2025-08-20 11:36:55'),
(1, 7, 2500, '2025-08-01 00:00:00', NULL, '2025-08-01 10:52:35', '2025-08-20 11:36:55');

-- --------------------------------------------------------

--
-- テーブルの構造 `postage_free`
--

DROP TABLE IF EXISTS `postage_free`;
CREATE TABLE `postage_free` (
  `postage_fee_free_id` int(11) NOT NULL,
  `postage_fee_free` int(11) NOT NULL,
  `start_date` datetime NOT NULL,
  `end_date` datetime DEFAULT NULL,
  `ins_date` datetime DEFAULT NULL,
  `upd_date` datetime DEFAULT NULL,
  `del_kbn` tinyint(1) NOT NULL DEFAULT 0
) ENGINE=InnoDB DEFAULT CHARSET=utf8mb4 COLLATE=utf8mb4_general_ci;

--
-- 挿入前にテーブルを空にする `postage_free`
--

TRUNCATE TABLE `postage_free`;
--
-- テーブルのデータのダンプ `postage_free`
--

INSERT INTO `postage_free` (`postage_fee_free_id`, `postage_fee_free`, `start_date`, `end_date`, `ins_date`, `upd_date`, `del_kbn`) VALUES
(1, 30000, '2025-08-01 13:28:56', NULL, '2025-08-01 13:23:15', '2025-08-25 15:43:51', 0),
(6, 0, '2025-08-19 12:07:11', '2025-08-20 12:07:11', '2025-08-01 13:23:15', NULL, 0),
(7, 1000, '2025-08-21 09:00:00', '2025-08-28 14:13:00', '2025-08-01 13:23:15', '2025-08-21 10:04:26', 1),
(8, 500, '2025-08-21 14:13:00', '2025-08-28 14:13:00', '2025-08-20 15:04:02', NULL, 1),
(9, 600, '2025-08-21 14:13:00', '2025-08-28 14:13:00', '2025-08-20 15:09:08', NULL, 1),
(10, 2000, '2025-08-19 17:04:00', '2025-08-29 18:00:00', '2025-08-20 17:04:29', NULL, 1);

-- --------------------------------------------------------

--
-- テーブルの構造 `postage_remote_island`
--

DROP TABLE IF EXISTS `postage_remote_island`;
CREATE TABLE `postage_remote_island` (
  `remote_island_fee_id` int(11) NOT NULL,
  `remote_island_fee` int(11) NOT NULL,
  `start_date` date NOT NULL,
  `end_date` date DEFAULT NULL,
  `ins_date` datetime NOT NULL,
  `upd_date` datetime DEFAULT NULL
) ENGINE=InnoDB DEFAULT CHARSET=utf8mb4 COLLATE=utf8mb4_general_ci;

--
-- 挿入前にテーブルを空にする `postage_remote_island`
--

TRUNCATE TABLE `postage_remote_island`;
--
-- テーブルのデータのダンプ `postage_remote_island`
--

INSERT INTO `postage_remote_island` (`remote_island_fee_id`, `remote_island_fee`, `start_date`, `end_date`, `ins_date`, `upd_date`) VALUES
(1, 2000, '2025-08-01', NULL, '2025-08-01 12:06:15', '2025-08-21 10:17:55');

-- --------------------------------------------------------

--
-- テーブルの構造 `product`
--

DROP TABLE IF EXISTS `product`;
CREATE TABLE `product` (
  `id` int(11) NOT NULL,
  `name` varchar(200) NOT NULL,
  `price` int(11) NOT NULL,
  `image_name1` varchar(64) NOT NULL,
  `image_name2` varchar(64) NOT NULL,
  `image_name3` varchar(64) NOT NULL,
  `image_name4` varchar(64) NOT NULL,
  `image_name5` varchar(64) NOT NULL,
  `image_name6` varchar(64) NOT NULL,
  `image_name7` varchar(64) NOT NULL,
  `tax_id` int(11) NOT NULL,
  `recommend` tinyint(1) NOT NULL,
  `purchase_quantity` int(11) NOT NULL,
  `stock_quantity` int(11) NOT NULL,
  `sales_quantity` int(11) NOT NULL,
  `for_gift` tinyint(1) NOT NULL,
  `button_count` int(11) DEFAULT NULL,
  `width` int(11) DEFAULT NULL,
  `depth` int(11) DEFAULT NULL,
  `weight` int(11) DEFAULT NULL,
  `cable_length` int(11) DEFAULT NULL,
  `dpi_max` int(11) DEFAULT NULL,
  `polling_rate` int(11) DEFAULT NULL,
  `maker_id` int(11) NOT NULL,
  `color_id` int(11) NOT NULL,
  `connection_id` int(11) NOT NULL,
  `sensor_id` int(11) NOT NULL,
  `interface_id` int(11) NOT NULL,
  `shape_id` int(11) NOT NULL,
  `switch_id` int(11) NOT NULL,
  `on_sale` tinyint(1) NOT NULL DEFAULT 0,
  `created_day` datetime NOT NULL,
  `updated_day` datetime NOT NULL,
  `height` int(11) DEFAULT NULL COMMENT '高さ(mm)',
  `lod_distance_mm` decimal(3,1) DEFAULT NULL COMMENT 'LOD距離(mm)',
  `lod_adjustable` tinyint(1) DEFAULT 0 COMMENT 'LOD調整可能フラグ',
  `motion_sync_support` tinyint(1) DEFAULT 0 COMMENT 'Motion Sync対応フラグ',
  `debounce_time_ms` int(11) DEFAULT NULL COMMENT 'デバウンスタイム(ms)',
  `debounce_adjustable` tinyint(1) DEFAULT 0 COMMENT 'デバウンス調整可能フラグ',
  `click_delay_ms` decimal(4,3) DEFAULT NULL COMMENT 'クリック遅延(ms)',
  `battery_capacity_mah` int(11) DEFAULT NULL COMMENT 'バッテリー容量(mAh)',
  `battery_life_hours` int(11) DEFAULT NULL COMMENT 'バッテリー持続時間(時間)',
  `charging_port_id` int(11) DEFAULT NULL COMMENT '充電端子',
  `software_type` varchar(100) DEFAULT NULL COMMENT 'ソフトウェアタイプ',
  `motion_sync_adjustable` tinyint(1) DEFAULT 0 COMMENT 'Motion Sync調整可能',
  `debounce_time_min` int(11) DEFAULT NULL COMMENT '最小デバウンスタイム(ms)',
  `debounce_time_max` int(11) DEFAULT NULL COMMENT '最大デバウンスタイム(ms)',
  `size_category` varchar(10) DEFAULT NULL COMMENT 'サイズカテゴリ(S/M/L/XL等)',
  `grip_rating` varchar(1) DEFAULT NULL COMMENT '滑りづらさ評価(A-E)',
  `surface_finish_id` int(11) DEFAULT NULL COMMENT '表面仕上げID',
  `product_overview` text DEFAULT NULL COMMENT '商品概要',
  `product_detailed_review` longtext DEFAULT NULL COMMENT '詳細レビュー'
) ENGINE=InnoDB DEFAULT CHARSET=utf8 COLLATE=utf8_general_ci;

--
-- 挿入前にテーブルを空にする `product`
--

TRUNCATE TABLE `product`;
--
-- テーブルのデータのダンプ `product`
--

INSERT INTO `product` (`id`, `name`, `price`, `image_name1`, `image_name2`, `image_name3`, `image_name4`, `image_name5`, `image_name6`, `image_name7`, `tax_id`, `recommend`, `purchase_quantity`, `stock_quantity`, `sales_quantity`, `for_gift`, `button_count`, `width`, `depth`, `weight`, `cable_length`, `dpi_max`, `polling_rate`, `maker_id`, `color_id`, `connection_id`, `sensor_id`, `interface_id`, `shape_id`, `switch_id`, `on_sale`, `created_day`, `updated_day`, `height`, `lod_distance_mm`, `lod_adjustable`, `motion_sync_support`, `debounce_time_ms`, `debounce_adjustable`, `click_delay_ms`, `battery_capacity_mah`, `battery_life_hours`, `charging_port_id`, `software_type`, `motion_sync_adjustable`, `debounce_time_min`, `debounce_time_max`, `size_category`, `grip_rating`, `surface_finish_id`, `product_overview`, `product_detailed_review`) VALUES
(1, 'GravaStar Mercury X Pro', 20980, '1', '1_1', '1_2', '1_3', '1_4', '1_5', '1_6', 2, 1, 0, 8, 3, 1, 5, 63, 124, 49, 0, 32000, 8000, 1, 2, 1, 1, 1, 1, 1, 0, '2025-09-03 18:25:07', '2025-09-03 18:45:55', 40, 1.0, 1, 1, 0, 1, 0.769, 400, 18, 1, 'Webドライバー', 1, 0, 32, 'M', 'A', 1, '近未来的なデザインが気に入ったのであれば検討の価値があるゲーミングマウスです。', '■ シェル\r\nマグネシウム合金フレームを採用し、ユニークなデザインと本体重量49gという軽さを両立しています。\r\n\r\nシェルのクオリティはとても高いように思います。トップシェルの大部分には穴が空いていたり、両側面にはスリットが入っていたりしますが、力強く握り込んでもたわむことはありません。トップシェルとボトムシェルの接合部は隙間なく、しっかりと噛み合っていて、軋んだりすることはありません。\r\n\r\n■ コーティング\r\nマウスシェル表面（メインボタンの部分）は滑りやすいです。また、本体の真ん中から後部にかけて大部分に穴が空いているので、指の付け根や手のひらに十分なグリップ感が得られなかったり、不快感を感じる可能性があります。両側面のスリットでも同様のことが言えますが、こちらは位置さえ合えば指先を嵌めて固定することもできるので、人によってはポジティブに作用する場合があります。\r\n\r\nメインボタンと両サイドに貼り付けられるグリップテープが付属しており、スリップを防止することはできますが、マグネシウム合金シェルの質感の良さが損なわれてしまう点には注意が必要です。\r\n\r\n■ 形状と軽さ\r\n寸法は63.5 x 124.6 x 40.5mm ラージサイズに分類できます。本体重量は49gと、サイズを考えると非常に軽量です。\r\n\r\n本製品は「ジープロ」こと Logicool G Pro X Superlight 2 のクローンです。形状はほぼ同一で、シェルに空いている穴の分だけ軽量化されています。\r\n\r\n■ 性能\r\nバッテリー容量は400mAhと比較的に大きめです。本体のLEDライティングをOFF、ポーリングレート8,000Hz設定時、約18時間の連続使用が可能でした。本家よりもバッテリー持ちは短いですが、最近の超軽量マウスよりは長持ちします。\r\n\r\n■ ソフトウェア\r\nWEBドライバーに対応しており、ブラウザ上で設定が行なえます。\r\n\r\n■ 結論\r\nハードウェアの品質は高く、性能も必要十分でした。多くのゲーミング周辺機器が無難なデザインに収まる中で、本製品の遊び心のあるデザインはとても魅力的です。最上級の性能にこだわっておらず、GravaStarの独特な世界観に惹かれる場合、前向きに検討する価値があると思います。'),
(2, 'VAXEE ZYGEN NP-01S V2 Wireless', 19800, '2', '2_1', '2_2', '2_3', '2_4', '2_5', '2_6', 2, 1, 0, 14, 6, 1, 5, 63, 118, 56, 0, 30000, 4000, 7, 7, 6, 1, 1, 1, 1, 1, '2025-08-23 18:33:03', '2025-08-23 18:33:23', 37, 1.0, 1, 1, 0, 1, 0.450, 350, 70, 1, 'プラグアンドプレイ', 1, 0, 32, 'M', 'A', NULL, 'VAXEEらしい堅実な作りと優れた形状設計が魅力のワイヤレスゲーミングマウスです。', '■ 設計と品質\r\nVAXEEらしい堅実なビルドクオリティを誇り、長時間の使用でも安定したパフォーマンスを発揮します。56gという適度な重量により、軽すぎず重すぎない絶妙なバランスを実現しています。\r\n\r\n■ 形状とエルゴノミクス\r\n手にしっかりとフィットする形状設計により、長時間使用しても疲れにくい構造となっています。対称形状でありながら、自然な握り心地を提供します。\r\n\r\n■ 接続性能\r\n4Kワイヤレス接続により、安定した通信と低遅延を実現。有線接続時と遜色ないレスポンス性能を提供します。\r\n\r\n■ バッテリー性能\r\n350mAhのバッテリーにより、約70時間の連続使用が可能。長時間のゲーミングセッションでも安心してお使いいただけます。\r\n\r\n■ 総合評価\r\nVAXEEブランドの信頼性と、実用性を重視した設計が光る製品です。プロゲーマーからカジュアルユーザーまで、幅広い層におすすめできるゲーミングマウスです。'),
(3, 'AIM1 時雨', 14980, '3', '3_1', '3_2', '3_3', '3_4', '3_5', '3_6', 2, 0, 0, 25, 0, 1, 5, 61, 122, 45, 0, 26000, 8000, 8, 1, 7, 5, 1, 1, 2, 1, '2025-08-23 18:33:03', '2025-08-23 18:33:23', 40, 1.0, 1, 1, 0, 1, 0.768, 250, 80, 1, 'Webドライバー', 1, 0, 32, 'M', 'B', NULL, '軽量性と高性能を両立した、コストパフォーマンスに優れるゲーミングマウスです。', '■ 軽量設計\r\n45gという軽量設計により、素早いマウス操作と長時間使用時の疲労軽減を実現しています。FPSゲームでの素早いフリック操作に最適です。\r\n\r\n■ 高精度センサー\r\n26000 DPIの高解像度センサーを搭載し、精密なエイム調整が可能。8000Hzポーリングレートにより、入力遅延を最小限に抑制します。\r\n\r\n■ バッテリー性能\r\n250mAhのコンパクトなバッテリーながら、約80時間の長時間駆動を実現。軽量性を損なうことなく、実用的なバッテリーライフを提供します。\r\n\r\n■ ビルドクオリティ\r\n価格帯を考慮すると非常に高いビルドクオリティを実現。コストパフォーマンスを重視するゲーマーに最適な選択肢です。\r\n\r\n■ 総合評価\r\n軽量性、高性能、コストパフォーマンスのバランスが取れた優秀なゲーミングマウス。エントリーレベルからミドルクラスのゲーマーに特におすすめです。'),
(4, 'Pulsar X2 CrazyLight', 22800, '4', '4_1', '4_2', '4_3', '4_4', '4_5', '4_6', 2, 1, 0, 11, 1, 1, 5, 61, 115, 35, 0, 32000, 8000, 9, 11, 7, 6, 1, 1, 2, 1, '2025-08-23 18:33:03', '0000-00-00 00:00:00', 37, 0.7, 1, 1, 0, 0, 0.200, 200, NULL, 1, '専用ソフトウェア', 1, NULL, NULL, 'S', 'A', NULL, '35gの驚異的な軽さを実現した、超軽量ゲーミングマウスの最高峰です。', '■ 超軽量設計\r\n35gという驚異的な軽さを実現しながら、十分な剛性と耐久性を確保。最軽量クラスのゲーミングマウスとして、競技シーンでも高い評価を獲得しています。\r\n\r\n■ 高精度性能\r\n32000 DPIの高解像度センサーと8000Hzポーリングレートにより、プロレベルの精度と応答性を提供します。\r\n\r\n■ バッテリー設計\r\n200mAhのコンパクトバッテリーを搭載。軽量性を優先した設計ながら、実用的な駆動時間を確保しています。\r\n\r\n■ ビルドクオリティ\r\n超軽量でありながら、しっかりとした作りを実現。長期間の使用でも安心してお使いいただける品質です。\r\n\r\n■ 総合評価\r\n軽量性を最重要視するプロゲーマーや上級者に最適。35gという重量は、一度体験すると他のマウスが重く感じるほどの衝撃的な軽さです。'),
(5, 'Pwnage Trinity CF', 18500, '5', '5_1', '5_2', '5_3', '5_4', '5_5', '5_6', 2, 0, 0, 14, 1, 1, 6, 65, 122, 72, 0, 19000, 1000, 10, 2, 1, 7, 1, 1, 1, 1, '2025-08-23 18:33:03', '2025-08-23 18:33:23', 39, 0.7, 1, 1, 0, 0, 0.500, NULL, 90, 1, 'Webドライバー', 0, NULL, NULL, 'L', 'A', NULL, 'カーボンファイバー製で高級感があり、多機能性とBluetoothとUSB両対応が魅力のゲーミングマウスです。', '■ プレミアム素材\r\nカーボンファイバー製のシェルにより、高級感のある質感と優れた耐久性を実現。見た目にも美しく、所有する喜びを感じられる製品です。\r\n\r\n■ 多機能設計\r\n6ボタン構成により、FPSからMMOまで幅広いゲームジャンルに対応。カスタマイズ性の高いボタン配置で、ゲームプレイを効率化できます。\r\n\r\n■ 接続オプション\r\nBluetoothとUSB接続の両方に対応し、用途に応じて使い分けが可能。ワイヤレスでの自由度と有線での安定性を選択できます。\r\n\r\n■ バッテリー性能\r\n大容量バッテリーにより、約90時間の長時間駆動を実現。頻繁な充電を気にすることなく、ゲームに集中できます。\r\n\r\n■ 総合評価\r\n高級感、多機能性、長時間駆動を求めるゲーマーに最適。特にMMOプレイヤーや、複数のデバイスを使い分けるユーザーにおすすめです。'),
(6, 'ATK Z1 Ultra', 15200, '6', '6_1', '6_2', '6_3', '6_4', '6_5', '6_6', 2, 0, 0, 30, 0, 1, 5, 63, 121, 64, 0, 26000, 4000, 11, 3, 6, 5, 1, 1, 1, 1, '2025-08-23 18:33:03', '2025-08-23 18:33:23', 42, 1.0, 1, 1, 2, 0, 0.400, 320, 65, 1, '統合型ソフトウェア', 0, NULL, NULL, 'M', 'B', NULL, '統合型ソフトウェアと大容量バッテリーが特徴的な、バランスの取れたゲーミングマウスです。', '■ ソフトウェア統合\r\n統合型ソフトウェアにより、設定のカスタマイズが簡単で直感的。複雑な設定も分かりやすいインターフェースで調整できます。\r\n\r\n■ バッテリー性能\r\n320mAhの大容量バッテリーにより、約65時間の長時間使用が可能。長期間のゲーミングセッションでも安心です。\r\n\r\n■ 適度な重量設計\r\n64gという適度な重量により、安定感のある操作性を提供。軽すぎず重すぎない、バランスの取れた設計です。\r\n\r\n■ 高精度センサー\r\n26000 DPIの高解像度センサーを搭載し、4000Hzポーリングレートで安定した入力応答を実現します。\r\n\r\n■ 総合評価\r\nソフトウェアの使いやすさとバッテリー持ちの良さが光る製品。設定にこだわりたいユーザーや、長時間プレイするゲーマーに最適です。'),
(7, 'G-Wolves HTX Mini 8K', 17900, '7', '7_1', '7_2', '7_3', '7_4', '7_5', '7_6', 2, 1, 0, 18, 0, 1, 5, 60, 114, 42, 0, 30000, 8000, 12, 1, 7, 1, 1, 1, 1, 1, '2025-08-23 18:33:03', '2025-08-23 18:33:23', 35, 1.0, 1, 1, 0, 1, 0.291, 250, 80, 1, 'Webドライバー', 1, 0, 32, 'S', 'B', NULL, 'Miniサイズながら8K対応の高性能を実現した、手の小さなユーザーに最適なゲーミングマウスです。', '■ コンパクト設計\r\nMiniサイズの設計により、手の小さなユーザーでも快適に使用可能。42gの軽量設計で、長時間使用でも疲労を軽減します。\r\n\r\n■ 8K対応性能\r\n8000Hzポーリングレートと30000 DPIの高精度センサーにより、競技レベルの性能を小型ボディに凝縮しています。\r\n\r\n■ 低遅延設計\r\n0.291msという超低遅延を実現し、入力から反応までのタイムラグを最小限に抑制。競技シーンでのアドバンテージを提供します。\r\n\r\n■ バッテリー効率\r\n250mAhのバッテリーで約80時間の駆動を実現。コンパクトサイズながら実用的なバッテリーライフを確保しています。\r\n\r\n■ 総合評価\r\n小型サイズを求めながらも性能を妥協したくないゲーマーに最適。特に手の小さな女性ゲーマーや、細かいコントロールを重視するユーザーにおすすめです。'),
(8, 'Scyrox V6', 14800, '8', '8_1', '8_2', '8_3', '8_4', '8_5', '8_6', 2, 0, 0, 25, 0, 1, 6, 64, 123, 40, 0, 19000, 2000, 13, 1, 3, 7, 1, 1, 1, 1, '2025-08-23 18:33:03', '2025-08-23 18:33:23', 40, 0.7, 1, 1, 0, 1, 0.550, 250, NULL, 1, 'Webドライバー', 0, 0, 32, 'L', 'C', NULL, '6ボタン構成と手頃な価格で、エントリーユーザーにも優しいゲーミングマウスです。', '■ 多機能設計\r\n6ボタン構成により、FPSからMMOまで幅広いゲームに対応。エントリーレベルながら、上位機種に匹敵する機能性を提供します。\r\n\r\n■ 適度な重量\r\n68gという重量により、安定感のある操作が可能。軽量マウスに慣れていないユーザーでも扱いやすい設計です。\r\n\r\n■ 有線接続\r\n安定性を重視した有線接続により、遅延やバッテリー切れの心配がありません。長時間のゲーミングセッションでも安心です。\r\n\r\n■ コストパフォーマンス\r\n手頃な価格でありながら、必要十分な性能を提供。初めてのゲーミングマウスとしても最適な選択肢です。\r\n\r\n■ 総合評価\r\n価格と性能のバランスが優秀で、エントリーユーザーに特におすすめ。ゲーミングマウス入門機として理想的な製品です。'),
(9, 'HitScan HyperLight', 21500, '9', '9_1', '9_2', '9_3', '9_4', '9_5', '9_6', 2, 1, 0, 21, 1, 1, 5, 62, 119, 39, 0, 25600, 8000, 14, 3, 7, 8, 1, 1, 2, 1, '2025-08-23 18:33:03', '0000-00-00 00:00:00', 38, NULL, 0, 0, 0, 0, 0.250, 300, 72, 1, NULL, 0, NULL, NULL, 'S', 'B', NULL, '39gの超軽量設計とHERO 25Kセンサーで、プロを目指すゲーマーにおすすめの高性能マウスです。', '■ 超軽量設計\r\n39gという超軽量設計により、素早いマウス操作と疲労軽減を実現。FPSゲームでの素早い動きに最適化されています。\r\n\r\n■ プロレベルセンサー\r\nHERO 25Kセンサーを搭載し、25600 DPIの高精度と8000Hzポーリングレートで、プロレベルの性能を提供します。\r\n\r\n■ 優れた応答性\r\n0.250msという低遅延により、入力から反応までのタイムラグを最小限に抑制。競技シーンでのアドバンテージを提供します。\r\n\r\n■ バッテリー効率\r\n300mAhのバッテリーで約72時間の長時間駆動を実現。軽量性と実用性を両立した設計です。\r\n\r\n■ 総合評価\r\n軽量性と高性能を両立した、プロを目指すゲーマー向けの製品。競技シーンでの使用を想定した、妥協のない設計が魅力です。'),
(10, 'Lamzu Maya X', 19140, '10', '10_1', '10_2', '10_3', '10_4', '10_5', '10_6', 2, 1, 0, 28, 0, 1, 5, 64, 124, 47, 0, 30000, 8000, 15, 3, 7, 1, 1, 1, 1, 1, '2025-08-23 18:33:03', '2025-08-23 18:33:23', 40, 1.0, 1, 1, 0, 1, 0.350, 300, 80, 1, 'Webドライバー', 1, 0, 32, 'L', 'B', NULL, '47gの軽量設計と優れた低遅延性能で、フリックショットが格段に決まりやすくなるゲーミングマウスです。', '■ 軽量設計\r\n47gの軽量設計により、素早いマウス操作と長時間使用での疲労軽減を実現。競技レベルでの使用にも対応できる設計です。\r\n\r\n■ 超低遅延\r\n0.350msという超低遅延により、FPSゲームでのフリックショットやエイム調整が格段に向上します。体感できるレベルの応答性を提供します。\r\n\r\n■ 高精度センサー\r\n30000 DPIの高解像度センサーと8000Hzポーリングレートにより、プロレベルの精度と応答性を実現しています。\r\n\r\n■ バッテリー性能\r\n300mAhのバッテリーで約80時間の駆動を実現。実用的なバッテリーライフで、ゲームプレイを中断することなく楽しめます。\r\n\r\n■ 総合評価\r\n低遅延性能と軽量設計のバランスが優秀で、特にFPSプレイヤーに高く評価されています。フリックショットの精度向上を実感できる製品です。'),
(11, '1000', 50, '0', '', '', '', '', '', '', 1, 0, 0, 1000, 0, 0, 3, NULL, 100, 50, NULL, NULL, NULL, 0, 0, 0, 0, 0, 0, 0, 0, '2025-09-03 15:27:49', '2025-09-03 15:27:49', NULL, NULL, 0, 0, NULL, 0, NULL, NULL, NULL, NULL, NULL, 0, NULL, NULL, NULL, NULL, NULL, NULL, NULL),
(22, 'いおえ', 1000, '22', '', '', '', '', '', '', 1, 0, 0, 20, 0, 0, 3, NULL, NULL, 20, NULL, NULL, NULL, 0, 0, 0, 0, 0, 0, 0, 0, '2025-09-03 15:28:57', '2025-09-03 15:28:57', NULL, NULL, 0, 0, NULL, 0, NULL, NULL, NULL, NULL, NULL, 0, NULL, NULL, NULL, NULL, NULL, NULL, NULL);

-- --------------------------------------------------------

--
-- テーブルの構造 `product_master_relation`
--

DROP TABLE IF EXISTS `product_master_relation`;
CREATE TABLE `product_master_relation` (
  `product_id` int(11) NOT NULL,
  `kbn_id` int(11) NOT NULL,
  `master_id` int(11) NOT NULL,
  `created_at` datetime DEFAULT current_timestamp()
) ENGINE=InnoDB DEFAULT CHARSET=utf8mb4 COLLATE=utf8mb4_general_ci;

--
-- 挿入前にテーブルを空にする `product_master_relation`
--

TRUNCATE TABLE `product_master_relation`;
--
-- テーブルのデータのダンプ `product_master_relation`
--

INSERT INTO `product_master_relation` (`product_id`, `kbn_id`, `master_id`, `created_at`) VALUES
(2, 1, 7, '2025-09-04 01:40:30'),
(2, 2, 7, '2025-09-04 01:40:30'),
(2, 3, 6, '2025-09-04 01:40:30'),
(2, 4, 1, '2025-09-04 01:40:30'),
(2, 5, 1, '2025-09-04 01:40:30'),
(2, 6, 1, '2025-09-04 01:40:30'),
(2, 7, 1, '2025-09-04 01:40:30'),
(2, 8, 1, '2025-09-04 01:40:30'),
(2, 18, 2, '2025-09-04 01:40:30'),
(2, 19, 1, '2025-09-04 01:40:30'),
(2, 20, 4, '2025-09-04 01:40:30'),
(2, 21, 7, '2025-09-04 01:40:30'),
(2, 22, 4, '2025-09-04 01:40:30'),
(2, 23, 1, '2025-09-04 01:40:30'),
(2, 24, 2, '2025-09-04 01:40:30'),
(2, 25, 2, '2025-09-04 01:40:30'),
(3, 1, 8, '2025-09-04 01:40:30'),
(3, 2, 1, '2025-09-04 01:40:30'),
(3, 3, 1, '2025-09-04 01:40:30'),
(3, 4, 1, '2025-09-04 01:40:30'),
(3, 5, 3, '2025-09-04 01:40:30'),
(3, 6, 1, '2025-09-04 01:40:30'),
(3, 7, 1, '2025-09-04 01:40:30'),
(3, 8, 3, '2025-09-04 01:40:30'),
(3, 18, 2, '2025-09-04 01:40:30'),
(3, 19, 1, '2025-09-04 01:40:30'),
(3, 20, 4, '2025-09-04 01:40:30'),
(3, 21, 3, '2025-09-04 01:40:30'),
(3, 22, 1, '2025-09-04 01:40:30'),
(3, 23, 1, '2025-09-04 01:40:30'),
(3, 24, 1, '2025-09-04 01:40:30'),
(3, 25, 2, '2025-09-04 01:40:30'),
(4, 1, 9, '2025-09-04 01:40:30'),
(4, 2, 11, '2025-09-04 01:40:30'),
(4, 3, 1, '2025-09-04 01:40:30'),
(4, 4, 1, '2025-09-04 01:40:30'),
(4, 5, 6, '2025-09-04 01:40:30'),
(4, 6, 1, '2025-09-04 01:40:30'),
(4, 7, 1, '2025-09-04 01:40:30'),
(4, 8, 3, '2025-09-04 01:40:30'),
(4, 18, 2, '2025-09-04 01:40:30'),
(4, 19, 1, '2025-09-04 01:40:30'),
(4, 20, 3, '2025-09-04 01:40:30'),
(4, 21, 7, '2025-09-04 01:40:30'),
(4, 22, 1, '2025-09-04 01:40:30'),
(4, 23, 1, '2025-09-04 01:40:30'),
(4, 24, 3, '2025-09-04 01:40:30'),
(4, 25, 1, '2025-09-04 01:40:30'),
(5, 1, 10, '2025-09-04 01:40:30'),
(5, 2, 1, '2025-09-04 01:40:30'),
(5, 3, 4, '2025-09-04 01:40:30'),
(5, 4, 2, '2025-09-04 01:40:30'),
(5, 5, 12, '2025-09-04 01:40:30'),
(5, 6, 2, '2025-09-04 01:40:30'),
(5, 7, 2, '2025-09-04 01:40:30'),
(5, 18, 4, '2025-09-04 01:40:30'),
(5, 19, 3, '2025-09-04 01:40:30'),
(5, 20, 3, '2025-09-04 01:40:30'),
(5, 21, 10, '2025-09-04 01:40:30'),
(5, 24, 1, '2025-09-04 01:40:30'),
(5, 25, 3, '2025-09-04 01:40:30'),
(6, 1, 11, '2025-09-04 01:40:30'),
(6, 2, 3, '2025-09-04 01:40:30'),
(6, 3, 8, '2025-09-04 01:40:30'),
(6, 4, 1, '2025-09-04 01:40:30'),
(6, 5, 3, '2025-09-04 01:40:30'),
(6, 6, 1, '2025-09-04 01:40:30'),
(6, 7, 1, '2025-09-04 01:40:30'),
(6, 18, 2, '2025-09-04 01:40:30'),
(6, 19, 1, '2025-09-04 01:40:30'),
(6, 20, 4, '2025-09-04 01:40:30'),
(6, 21, 9, '2025-09-04 01:40:30'),
(6, 22, 2, '2025-09-04 01:40:30'),
(6, 23, 1, '2025-09-04 01:40:30'),
(6, 24, 4, '2025-09-04 01:40:30'),
(6, 25, 2, '2025-09-04 01:40:30'),
(7, 1, 12, '2025-09-04 01:40:30'),
(7, 2, 1, '2025-09-04 01:40:30'),
(7, 3, 1, '2025-09-04 01:40:30'),
(7, 4, 1, '2025-09-04 01:40:30'),
(7, 5, 1, '2025-09-04 01:40:30'),
(7, 6, 1, '2025-09-04 01:40:30'),
(7, 7, 4, '2025-09-04 01:40:30'),
(7, 18, 2, '2025-09-04 01:40:30'),
(7, 19, 1, '2025-09-04 01:40:30'),
(7, 20, 4, '2025-09-04 01:40:30'),
(7, 21, 11, '2025-09-04 01:40:30'),
(7, 22, 1, '2025-09-04 01:40:30'),
(7, 23, 1, '2025-09-04 01:40:30'),
(7, 24, 1, '2025-09-04 01:40:30'),
(7, 25, 1, '2025-09-04 01:40:30'),
(8, 1, 13, '2025-09-04 01:40:30'),
(8, 2, 1, '2025-09-04 01:40:30'),
(8, 3, 3, '2025-09-04 01:40:30'),
(8, 4, 1, '2025-09-04 01:40:30'),
(8, 5, 7, '2025-09-04 01:40:30'),
(8, 6, 2, '2025-09-04 01:40:30'),
(8, 7, 2, '2025-09-04 01:40:30'),
(8, 18, 2, '2025-09-04 01:40:30'),
(8, 19, 1, '2025-09-04 01:40:30'),
(8, 20, 3, '2025-09-04 01:40:30'),
(8, 21, 3, '2025-09-04 01:40:30'),
(8, 22, 2, '2025-09-04 01:40:30'),
(8, 23, 2, '2025-09-04 01:40:30'),
(8, 24, 1, '2025-09-04 01:40:30'),
(8, 25, 3, '2025-09-04 01:40:30'),
(9, 1, 14, '2025-09-04 01:40:30'),
(9, 2, 4, '2025-09-04 01:40:30'),
(9, 3, 1, '2025-09-04 01:40:30'),
(9, 4, 1, '2025-09-04 01:40:30'),
(9, 5, 8, '2025-09-04 01:40:30'),
(9, 6, 1, '2025-09-04 01:40:30'),
(9, 7, 4, '2025-09-04 01:40:30'),
(9, 18, 2, '2025-09-04 01:40:30'),
(9, 19, 2, '2025-09-04 01:40:30'),
(9, 21, 3, '2025-09-04 01:40:30'),
(9, 23, 1, '2025-09-04 01:40:30'),
(9, 25, 1, '2025-09-04 01:40:30'),
(10, 1, 15, '2025-09-04 01:40:30'),
(10, 2, 1, '2025-09-04 01:40:30'),
(10, 3, 1, '2025-09-04 01:40:30'),
(10, 4, 1, '2025-09-04 01:40:30'),
(10, 5, 1, '2025-09-04 01:40:30'),
(10, 6, 1, '2025-09-04 01:40:30'),
(10, 7, 3, '2025-09-04 01:40:30'),
(10, 18, 2, '2025-09-04 01:40:30'),
(10, 19, 1, '2025-09-04 01:40:30'),
(10, 20, 4, '2025-09-04 01:40:30'),
(10, 22, 1, '2025-09-04 01:40:30'),
(10, 23, 1, '2025-09-04 01:40:30'),
(10, 24, 1, '2025-09-04 01:40:30'),
(10, 25, 3, '2025-09-04 01:40:30'),
(1, 1, 1, '2025-09-04 01:45:55'),
(1, 5, 1, '2025-09-04 01:45:55'),
(1, 21, 1, '2025-09-04 01:45:55'),
(1, 22, 1, '2025-09-04 01:45:55'),
(1, 23, 1, '2025-09-04 01:45:55'),
(1, 24, 1, '2025-09-04 01:45:55'),
(1, 18, 1, '2025-09-04 01:45:55'),
(1, 19, 1, '2025-09-04 01:45:55'),
(1, 7, 1, '2025-09-04 01:45:55'),
(1, 3, 1, '2025-09-04 01:45:55'),
(1, 2, 2, '2025-09-04 01:45:55');

-- --------------------------------------------------------

--
-- テーブルの構造 `purchase`
--

DROP TABLE IF EXISTS `purchase`;
CREATE TABLE `purchase` (
  `id` int(11) NOT NULL,
  `customer_id` int(11) NOT NULL,
  `address_id` int(11) NOT NULL,
  `purchase_date` date NOT NULL,
  `grand_total` int(11) NOT NULL,
  `get_point` int(11) NOT NULL,
  `use_point` int(11) NOT NULL,
  `postage_id` int(11) NOT NULL,
  `postage_free_id` int(11) NOT NULL,
  `remort_island_fee_id` int(11) NOT NULL
) ENGINE=InnoDB DEFAULT CHARSET=utf8 COLLATE=utf8_general_ci;

--
-- 挿入前にテーブルを空にする `purchase`
--

TRUNCATE TABLE `purchase`;
--
-- テーブルのデータのダンプ `purchase`
--

INSERT INTO `purchase` (`id`, `customer_id`, `address_id`, `purchase_date`, `grand_total`, `get_point`, `use_point`, `postage_id`, `postage_free_id`, `remort_island_fee_id`) VALUES
(1, 1, 7, '2025-08-07', 3834, 0, 0, 0, 0, 0),
(2, 1, 7, '2025-08-07', 2984, 0, 0, 0, 0, 0),
(3, 1, 7, '2025-08-07', 1260, 0, 0, 0, 0, 0),
(4, 1, 7, '2025-08-07', 7168, 0, 0, 0, 0, 0),
(5, 1, 7, '2025-08-07', 648, 0, 0, 0, 0, 0),
(6, 1, 7, '2025-08-07', 539, 0, 0, 0, 0, 0),
(7, 1, 7, '2025-08-07', 825, 0, 0, 0, 0, 0),
(8, 1, 7, '2025-08-07', 1091, 0, 0, 0, 0, 0),
(9, 1, 7, '2025-08-07', 1100, 0, 0, 1, 1, 1),
(10, 1, 7, '2025-08-30', 21780, 0, 0, 1, 1, 0),
(11, 1, 7, '2025-08-30', 16280, 0, 0, 1, 1, 0),
(12, 1, 7, '2025-08-30', 21780, 0, 0, 1, 1, 0),
(13, 13, 18, '2025-08-30', 23078, 0, 0, 1, 1, 0),
(14, 13, 18, '2025-08-30', 23078, 0, 0, 1, 1, 0),
(15, 15, 26, '2025-08-31', 23078, 0, 0, 1, 1, 0),
(16, 15, 26, '2025-08-31', 21780, 0, 0, 1, 1, 0),
(17, 15, 26, '2025-08-31', 22980, 0, 0, 1, 1, 0),
(18, 15, 26, '2025-08-31', 43560, 0, 0, 1, 1, 0),
(19, 15, 27, '2025-09-01', 22980, 198, 0, 3, 1, 0),
(20, 15, 0, '2025-09-04', 24278, 209, 0, 3, 1, 0),
(40, 1, 0, '2025-09-04', 22980, 198, 0, 3, 1, 0),
(41, 11, 0, '2025-09-04', 46728, 424, 0, 3, 1, 0),
(42, 11, 0, '2025-09-04', 22980, 1188, 0, 3, 1, 0),
(43, 11, 0, '2025-09-04', 22666, 209, 1612, 3, 1, 0),
(44, 11, 0, '2025-09-04', 22980, 198, 0, 3, 1, 0);

-- --------------------------------------------------------

--
-- テーブルの構造 `purchase_detail`
--

DROP TABLE IF EXISTS `purchase_detail`;
CREATE TABLE `purchase_detail` (
  `purchase_id` int(11) NOT NULL,
  `product_id` int(11) NOT NULL,
  `count` int(11) NOT NULL,
  `purchase_detail_id` int(4) NOT NULL,
  `unit_price` int(11) NOT NULL,
  `total` int(11) NOT NULL
) ENGINE=InnoDB DEFAULT CHARSET=utf8mb4 COLLATE=utf8mb4_general_ci;

--
-- 挿入前にテーブルを空にする `purchase_detail`
--

TRUNCATE TABLE `purchase_detail`;
--
-- テーブルのデータのダンプ `purchase_detail`
--

INSERT INTO `purchase_detail` (`purchase_id`, `product_id`, `count`, `purchase_detail_id`, `unit_price`, `total`) VALUES
(0, 5, 1, 1, 18500, 18500),
(1, 1, 1, 1, 800, 800),
(1, 2, 10, 2, 270, 2700),
(2, 7, 2, 1, 310, 620),
(2, 8, 3, 2, 600, 1800),
(2, 7, 1, 3, 310, 310),
(3, 6, 2, 1, 180, 360),
(3, 11, 2, 2, 400, 800),
(4, 10, 6, 1, 150, 900),
(4, 11, 6, 2, 400, 2400),
(4, 4, 4, 3, 220, 880),
(4, 4, 1, 4, 220, 220),
(4, 2, 8, 5, 270, 2160),
(5, 11, 1, 1, 300, 300),
(5, 11, 1, 2, 300, 300),
(6, 4, 1, 1, 220, 220),
(6, 2, 1, 2, 270, 270),
(7, 10, 1, 1, 150, 150),
(7, 8, 1, 2, 600, 600),
(8, 1, 1, 1, 800, 800),
(8, 3, 1, 2, 210, 210),
(9, 8, 1, 1, 600, 600),
(9, 6, 1, 2, 180, 180),
(9, 4, 1, 3, 220, 220),
(10, 2, 1, 1, 19800, 19800),
(11, 8, 1, 1, 14800, 14800),
(12, 2, 1, 1, 19800, 19800),
(13, 1, 1, 1, 20980, 20980),
(14, 1, 1, 1, 20980, 20980),
(15, 1, 1, 1, 20980, 20980),
(16, 2, 1, 1, 19800, 19800),
(17, 2, 1, 1, 19800, 19800),
(18, 2, 2, 1, 19800, 39600),
(19, 1, 1, 1, 20980, 20980),
(40, 2, 1, 1, 19800, 19800),
(41, 1, 1, 1, 20980, 20980),
(41, 9, 1, 2, 21500, 21500),
(42, 2, 1, 1, 19800, 19800),
(43, 1, 1, 1, 20980, 20980),
(44, 2, 1, 1, 19800, 19800);

-- --------------------------------------------------------

--
-- テーブルの構造 `ranking`
--

DROP TABLE IF EXISTS `ranking`;
CREATE TABLE `ranking` (
  `product_id` int(11) NOT NULL,
  `sales_quantity` int(11) NOT NULL,
  `purchase_date` date NOT NULL
) ENGINE=InnoDB DEFAULT CHARSET=utf8mb4 COLLATE=utf8mb4_general_ci;

--
-- 挿入前にテーブルを空にする `ranking`
--

TRUNCATE TABLE `ranking`;
--
-- テーブルのデータのダンプ `ranking`
--

INSERT INTO `ranking` (`product_id`, `sales_quantity`, `purchase_date`) VALUES
(1, 1, '2025-08-04'),
(2, 2, '2025-08-07'),
(3, 2, '2025-08-07'),
(6, 1, '2025-08-08'),
(1, 5, '2025-08-09'),
(2, 2, '2025-08-10'),
(5, 3, '2025-08-11'),
(7, 5, '2025-08-13'),
(3, 1, '2025-08-14'),
(4, 4, '2025-08-14');

-- --------------------------------------------------------

--
-- テーブルの構造 `region`
--

DROP TABLE IF EXISTS `region`;
CREATE TABLE `region` (
  `region_id` int(11) NOT NULL COMMENT 'id=1, name=北海道, prefectures=北海道',
  `prefectures_id` int(2) NOT NULL
) ENGINE=InnoDB DEFAULT CHARSET=utf8mb4 COLLATE=utf8mb4_general_ci;

--
-- 挿入前にテーブルを空にする `region`
--

TRUNCATE TABLE `region`;
--
-- テーブルのデータのダンプ `region`
--

INSERT INTO `region` (`region_id`, `prefectures_id`) VALUES
(1, 1),
(2, 2),
(2, 3),
(2, 4),
(2, 5),
(2, 6),
(2, 7),
(2, 8),
(3, 9),
(3, 10),
(3, 11),
(3, 12),
(3, 13),
(3, 14),
(3, 15),
(3, 16),
(3, 17),
(3, 18),
(3, 19),
(3, 20),
(3, 21),
(3, 22),
(3, 23),
(3, 24),
(4, 25),
(4, 26),
(4, 27),
(4, 28),
(4, 29),
(4, 30),
(5, 31),
(5, 32),
(5, 33),
(5, 34),
(5, 35),
(5, 36),
(5, 37),
(5, 38),
(5, 39),
(6, 40),
(6, 41),
(6, 42),
(6, 43),
(6, 44),
(6, 45),
(6, 46),
(7, 47);

-- --------------------------------------------------------

--
-- テーブルの構造 `review`
--

DROP TABLE IF EXISTS `review`;
CREATE TABLE `review` (
  `customer_id` int(11) NOT NULL,
  `product_id` int(11) NOT NULL,
  `rating` int(1) NOT NULL,
  `comment` varchar(500) NOT NULL,
  `created_at` datetime NOT NULL
) ENGINE=InnoDB DEFAULT CHARSET=utf8mb4 COLLATE=utf8mb4_general_ci;

--
-- 挿入前にテーブルを空にする `review`
--

TRUNCATE TABLE `review`;
--
-- テーブルのデータのダンプ `review`
--

INSERT INTO `review` (`customer_id`, `product_id`, `rating`, `comment`, `created_at`) VALUES
(1, 1, 5, '素晴らしいマウスです！32000 DPIの高解像度と8KHzのポーリングレートで、FPSゲームでの反応速度が格段に向上しました。49gという軽さも手首への負担が少なく、長時間のゲームプレイでも疲れません。', '2025-08-20 14:30:00'),
(1, 4, 4, '軽さは素晴らしいですが、あまりに軽すぎて最初は扱いづらかったです。慣れれば問題ないと思います。', '2025-08-12 13:15:00'),
(1, 8, 4, '6ボタンで多機能、価格も手頃で初心者にお勧めできます。ただ68gは最近のマウスとしては重め。', '2025-08-15 08:45:00'),
(2, 1, 4, 'デザインが独特でカッコいいです。性能も申し分ないですが、価格が少し高めかなと思います。でも品質を考えれば妥当な値段だと思います。', '2025-08-18 09:15:00'),
(2, 5, 4, 'カーボンファイバー製で高級感があります。6ボタンで多機能、MMOにも使えます。BluetoothとUSB両対応なのも便利。', '2025-08-20 19:00:00'),
(2, 9, 5, '39gの超軽量！HERO 25Kセンサーも高精度で、プロを目指す人にもお勧めできます。', '2025-08-22 20:00:00'),
(3, 1, 5, 'プロゲーマーの友人に勧められて購入。期待以上の性能でした。特にMotion Syncの精度が素晴らしく、エイムが安定しました。', '2025-08-15 20:45:00'),
(3, 5, 3, '機能は豊富ですが、72gはゲーミングマウスとしては少し重めです。FPSよりはMMO向きかもしれません。', '2025-08-13 12:45:00'),
(3, 9, 4, 'グロス仕上げが美しく、所有欲を満たしてくれます。性能も文句なし。', '2025-08-17 14:15:00'),
(4, 2, 5, 'VAXEEらしい堅実な作りです。形状が手にフィットして、長時間使用しても疲れません。4Kワイヤレスも安定していて遅延を感じません。', '2025-08-19 11:20:00'),
(4, 6, 4, '白色がきれいで、デスクの見た目が良くなりました。性能も十分で、価格も手頃です。', '2025-08-19 14:30:00'),
(4, 10, 5, 'Lamzuの最新モデル、完成度が高いです。47gの軽さながら剛性もしっかりしていて、安心感があります。', '2025-08-20 16:30:00'),
(5, 2, 4, 'ビルドクオリティが高く、クリック感も良好です。ただ、もう少し軽ければ完璧でした。', '2025-08-16 18:30:00'),
(5, 6, 4, '統合型ソフトウェアが使いやすく、設定のカスタマイズが簡単でした。500mAhの大容量バッテリーも魅力的。', '2025-08-11 10:15:00'),
(5, 10, 5, '複数のポーリングレート対応で、ゲームに応じて切り替えられるのが便利。80時間のバッテリー持ちも素晴らしい。', '2025-08-19 10:45:00'),
(6, 3, 4, 'コスパ最高！この価格帯でこの性能は驚きです。45gの軽さと26000 DPIは十分すぎる性能です。', '2025-08-21 10:00:00'),
(6, 7, 5, 'Miniサイズが手の小さい私にぴったり！42gの軽さと8KHz対応で、競技シーンでも通用する性能です。', '2025-08-21 17:45:00'),
(6, 10, 4, 'カラーバリエーションが豊富で、ピンクを購入しました。可愛くて高性能、女性ゲーマーにもお勧めです。', '2025-08-18 18:00:00'),
(7, 3, 5, '初めてのゲーミングマウスとして購入しました。以前使っていた普通のマウスとは比べ物にならないくらい快適です。', '2025-08-17 15:45:00'),
(7, 7, 5, 'G-Wolvesの最新作、期待を裏切りませんでした。0.291msという低遅延は体感できるレベルです。', '2025-08-16 11:30:00'),
(7, 10, 5, '0.35msの低遅延は本当に体感できます。FPSでのフリックショットが格段に決まりやすくなりました。', '2025-08-16 12:30:00'),
(8, 4, 5, '35gという驚異的な軽さ！最初は軽すぎて違和感がありましたが、慣れると他のマウスが重く感じます。バッテリー持ちも良好です。', '2025-08-22 08:30:00'),
(8, 7, 4, '性能は素晴らしいですが、小さめサイズなので手の大きい人は店頭で試してから購入をお勧めします。', '2025-08-10 09:00:00'),
(9, 4, 5, 'プロシーンでも人気なだけあって、完成度が高いです。Pulsar独自のセンサーも精度が高く、満足しています。', '2025-08-14 16:20:00'),
(9, 8, 3, '価格相応の性能です。有線接続のみですが、安定性は抜群。エントリーモデルとしては十分。', '2025-08-18 13:20:00'),
(11, 1, 5, 'いいね！！！', '2025-09-04 12:00:40'),
(13, 2, 5, 'good', '2025-08-30 23:46:06'),
(13, 4, 3, 'good', '2025-08-30 23:45:37'),
(15, 7, 3, 'good', '2025-08-31 14:56:34'),
(15, 10, 3, 'ナイス！！', '2025-09-03 19:49:39');

-- --------------------------------------------------------

--
-- テーブルの構造 `shipping_addresses`
--

DROP TABLE IF EXISTS `shipping_addresses`;
CREATE TABLE `shipping_addresses` (
  `id` int(11) NOT NULL,
  `customer_id` int(11) NOT NULL,
  `address_name` varchar(100) NOT NULL,
  `recipient_name` varchar(100) NOT NULL,
  `postal_code` varchar(10) DEFAULT NULL,
  `prefecture` varchar(20) NOT NULL,
  `city` varchar(100) NOT NULL,
  `address_line1` varchar(200) NOT NULL,
  `address_line2` varchar(200) DEFAULT NULL,
  `phone` varchar(20) DEFAULT NULL,
  `is_default` tinyint(1) DEFAULT 0,
  `remote_island_check` tinyint(1) DEFAULT 0,
  `region_id` int(11) DEFAULT NULL,
  `created_at` timestamp NOT NULL DEFAULT current_timestamp(),
  `updated_at` timestamp NOT NULL DEFAULT current_timestamp() ON UPDATE current_timestamp()
) ENGINE=InnoDB DEFAULT CHARSET=utf8mb4 COLLATE=utf8mb4_general_ci;

--
-- 挿入前にテーブルを空にする `shipping_addresses`
--

TRUNCATE TABLE `shipping_addresses`;
--
-- テーブルのデータのダンプ `shipping_addresses`
--

INSERT INTO `shipping_addresses` (`id`, `customer_id`, `address_name`, `recipient_name`, `postal_code`, `prefecture`, `city`, `address_line1`, `address_line2`, `phone`, `is_default`, `remote_island_check`, `region_id`, `created_at`, `updated_at`) VALUES
(7, 1, '自宅', '熊木 和夫', '1630023', '東京都', '新宿区', '西新宿2-8-1', NULL, '', 1, 0, 3, '2025-08-30 06:46:37', '2025-08-30 15:57:40'),
(8, 2, '自宅', '鳥居 健二', '2318588', '神奈川県', '横浜市', '区日本大通1', NULL, '', 1, 0, 3, '2025-08-30 06:46:37', '2025-08-30 15:57:49'),
(9, 3, '自宅', '鷺沼 美子', '5408570', '大阪府', '大阪市', '中央区大手前2', NULL, '', 1, 0, 4, '2025-08-30 06:46:37', '2025-08-30 15:58:40'),
(10, 4, '自宅', '鷲尾 史郎', '4608501', '愛知県', '名古屋市', '中区三の丸3-1-2', NULL, '', 1, 0, 3, '2025-08-30 06:46:37', '2025-08-30 15:59:31'),
(11, 5, '自宅', '牛島 大悟', '3308533', '埼玉県', 'さいたま市', '浦和区高砂3-15-1', NULL, '', 1, 0, 3, '2025-08-30 06:46:37', '2025-08-30 16:00:26'),
(12, 6, '自宅', '相馬 助六', '2608667', '千葉県', '地足中央区', '市場町1-1', NULL, '', 1, 0, 3, '2025-08-30 06:46:37', '2025-08-30 16:01:11'),
(13, 7, '自宅', '猿飛 菜々子', '6508567', '兵庫県', '神戸市', '中央区下山手通5-10-1', NULL, '', 1, 0, 4, '2025-08-30 06:46:37', '2025-08-30 16:02:30'),
(14, 8, '自宅', '犬山 陣八', '0608588', '北海道', '札幌市', '中央区北3西6', NULL, '', 1, 0, 1, '2025-08-30 06:46:37', '2025-08-30 16:03:12'),
(15, 9, '自宅', '猪口 一休', '8128577', '福岡県', '福岡市', '博多区東公園7-7', NULL, '', 1, 0, 6, '2025-08-30 06:46:37', '2025-08-30 16:03:49'),
(16, 11, '自宅', 'test', '1008960', '東京都', '千代田区', '永田町1-7-1', NULL, '', 1, 0, 3, '2025-08-30 06:46:37', '2025-08-30 16:05:23'),
(17, 12, '自宅', 'a', '7320803', '広島県', '広島市', '南区南蟹屋2-3-1', NULL, '', 1, 0, 5, '2025-08-30 06:46:37', '2025-08-30 16:06:25'),
(18, 13, '自宅', 'パソコンスクールHANA', '7300013', '広島県', '広島市', '中区八丁堀4-15', 'アーバンビュー八丁堀3階', '', 1, 0, 5, '2025-08-30 06:46:37', '2025-08-31 17:06:45'),
(25, 14, '自宅', '井上太郎', '730-0011', '広島県', '広島市中区', '10-52', '', NULL, 1, 0, 5, '2025-08-30 20:39:17', '2025-08-30 20:47:08'),
(26, 15, '自宅', '上田一郎', '105-0011', '東京都', '港区', '芝公園4丁目2-8', '', NULL, 1, 0, 3, '2025-08-30 20:52:57', '2025-08-31 17:26:46'),
(27, 15, '会社', '上田一郎', '732-0822', '広島県', '広島市南区', '松原町 2-37', '', '', 0, 0, 1, '2025-08-31 17:26:28', '2025-08-31 17:26:46');

-- --------------------------------------------------------

--
-- テーブルの構造 `tax`
--

DROP TABLE IF EXISTS `tax`;
CREATE TABLE `tax` (
  `tax_id` int(11) NOT NULL,
  `tax` decimal(3,2) NOT NULL,
  `tax_start_date` date NOT NULL,
  `tax_end_date` date DEFAULT NULL
) ENGINE=InnoDB DEFAULT CHARSET=utf8mb4 COLLATE=utf8mb4_general_ci;

--
-- 挿入前にテーブルを空にする `tax`
--

TRUNCATE TABLE `tax`;
--
-- テーブルのデータのダンプ `tax`
--

INSERT INTO `tax` (`tax_id`, `tax`, `tax_start_date`, `tax_end_date`) VALUES
(1, 0.08, '2019-10-01', NULL),
(2, 0.10, '2019-10-01', NULL);

-- --------------------------------------------------------

--
-- テーブルの構造 `tax_total`
--

DROP TABLE IF EXISTS `tax_total`;
CREATE TABLE `tax_total` (
  `id` int(11) NOT NULL,
  `tax_id` int(2) NOT NULL,
  `tax_amount` int(11) NOT NULL,
  `sub_total` int(11) NOT NULL
) ENGINE=InnoDB DEFAULT CHARSET=utf8mb4 COLLATE=utf8mb4_general_ci;

--
-- 挿入前にテーブルを空にする `tax_total`
--

TRUNCATE TABLE `tax_total`;
--
-- テーブルのデータのダンプ `tax_total`
--

INSERT INTO `tax_total` (`id`, `tax_id`, `tax_amount`, `sub_total`) VALUES
(0, 2, 1850, 18500),
(1, 1, 64, 864),
(1, 2, 270, 2970),
(2, 1, 74, 1004),
(2, 2, 180, 1980),
(3, 1, 64, 864),
(3, 2, 36, 396),
(4, 1, 192, 2592),
(4, 2, 416, 4576),
(5, 1, 48, 648),
(6, 2, 49, 539),
(7, 2, 75, 825),
(8, 1, 81, 1091),
(9, 2, 100, 1100),
(10, 2, 1980, 21780),
(11, 2, 1480, 16280),
(12, 2, 1980, 21780),
(13, 2, 2098, 23078),
(14, 2, 2098, 23078),
(15, 2, 2098, 23078),
(16, 2, 1980, 21780),
(17, 2, 1980, 21780),
(18, 2, 3960, 43560),
(19, 2, 2098, 23078),
(40, 2, 1980, 19800),
(41, 2, 4248, 42480),
(42, 2, 1980, 19800),
(43, 2, 2098, 20980),
(44, 2, 1980, 19800);

--
-- ダンプしたテーブルのインデックス
--

--
-- テーブルのインデックス `campaign_target`
--
ALTER TABLE `campaign_target`
  ADD PRIMARY KEY (`id`);

--
-- テーブルのインデックス `customer`
--
ALTER TABLE `customer`
  ADD PRIMARY KEY (`id`),
  ADD UNIQUE KEY `login` (`login`);

--
-- テーブルのインデックス `product`
--
ALTER TABLE `product`
  ADD PRIMARY KEY (`id`);

--
-- テーブルのインデックス `purchase`
--
ALTER TABLE `purchase`
  ADD PRIMARY KEY (`id`);

--
-- テーブルのインデックス `purchase_detail`
--
ALTER TABLE `purchase_detail`
  ADD PRIMARY KEY (`purchase_id`,`purchase_detail_id`);

--
-- テーブルのインデックス `ranking`
--
ALTER TABLE `ranking`
  ADD PRIMARY KEY (`purchase_date`,`product_id`);

--
-- テーブルのインデックス `region`
--
ALTER TABLE `region`
  ADD PRIMARY KEY (`region_id`,`prefectures_id`),
  ADD UNIQUE KEY `region_id` (`region_id`,`prefectures_id`);

--
-- テーブルのインデックス `review`
--
ALTER TABLE `review`
  ADD PRIMARY KEY (`customer_id`,`product_id`);

--
-- テーブルのインデックス `shipping_addresses`
--
ALTER TABLE `shipping_addresses`
  ADD PRIMARY KEY (`id`),
  ADD KEY `customer_id` (`customer_id`),
  ADD KEY `region_id` (`region_id`);

--
-- テーブルのインデックス `tax`
--
ALTER TABLE `tax`
  ADD PRIMARY KEY (`tax_id`,`tax_start_date`);

--
-- テーブルのインデックス `tax_total`
--
ALTER TABLE `tax_total`
  ADD PRIMARY KEY (`id`,`tax_id`);

--
-- ダンプしたテーブルの AUTO_INCREMENT
--

--
-- テーブルの AUTO_INCREMENT `campaign_target`
--
ALTER TABLE `campaign_target`
  MODIFY `id` int(11) NOT NULL AUTO_INCREMENT, AUTO_INCREMENT=24;

--
-- テーブルの AUTO_INCREMENT `customer`
--
ALTER TABLE `customer`
  MODIFY `id` int(11) NOT NULL AUTO_INCREMENT, AUTO_INCREMENT=16;

--
-- テーブルの AUTO_INCREMENT `product`
--
ALTER TABLE `product`
  MODIFY `id` int(11) NOT NULL AUTO_INCREMENT, AUTO_INCREMENT=23;

--
-- テーブルの AUTO_INCREMENT `purchase`
--
ALTER TABLE `purchase`
  MODIFY `id` int(11) NOT NULL AUTO_INCREMENT, AUTO_INCREMENT=46;

--
-- テーブルの AUTO_INCREMENT `shipping_addresses`
--
ALTER TABLE `shipping_addresses`
  MODIFY `id` int(11) NOT NULL AUTO_INCREMENT, AUTO_INCREMENT=28;

--
-- ダンプしたテーブルの制約
--

--
-- テーブルの制約 `shipping_addresses`
--
ALTER TABLE `shipping_addresses`
  ADD CONSTRAINT `shipping_addresses_ibfk_1` FOREIGN KEY (`customer_id`) REFERENCES `customer` (`id`) ON DELETE CASCADE,
  ADD CONSTRAINT `shipping_addresses_ibfk_2` FOREIGN KEY (`region_id`) REFERENCES `region` (`region_id`);
COMMIT;

/*!40101 SET CHARACTER_SET_CLIENT=@OLD_CHARACTER_SET_CLIENT */;
/*!40101 SET CHARACTER_SET_RESULTS=@OLD_CHARACTER_SET_RESULTS */;
/*!40101 SET COLLATION_CONNECTION=@OLD_COLLATION_CONNECTION */;
